Address,Tickets
0x2eacda37bb9651c2c79a3183b87c37c391ab6897,3.482
0x931d961037370a46ba94cbcd45c7e5b5644e7002,2.476
0x97a3aba3f63885ebe95956907ada72610dc9c09f,36.182
0x294b950bc45d9cdf6ca009ffc0d41b1226445cda,62.757999999999996
0x464cfcf02204296afaf7cc2cb2a1ca6de435e26d,1.002
0xde51fcb05ee5e8ae23fcd54370f862a4bd984618,3.0220000000000002
0x80832b1bbf9c033ea8aed28147bd139091f691c1,2
0x3e75d6b18a8959ca2d55edf62a810b0709254ff1,196.183
0x3d2b12475f8ee1e262a2ccc931dc2d1b3d7a4d72,9
0x5c467658ece6d4d77f5503fba7b7aa234f6adeaf,1.063
0xca529747a6d9cf294e07896feb23a8933a84f21d,28.444
0x71feea5043bffdaf08cf585c3c8a36c7edf81add,0.784
0xd7b171ec5b26c0202f108b9f51fa6770928f3d09,1.571
0x57215b26baf954d3c9740e5b7bad8b0bd6e5d54e,19
0x3d3db1c3647f0826c87f32bc04f1cedba848467d,7.84
0x7c8a0520d0661169a051473025b739fcbc37ae13,1.002
0x4dbeeb58a067ac3416c9447c9a8106eeaffbcd14,42.85
0xabb6b4f97607204f8a1a7e69cc589b316f4d3a5c,1.033
0x17e50429bd0c38c49dc192550065c04fd215ea36,5.6625000000000005
0x96642af170c68782e5eb9a0b0f9e833f9779ebfb,6.071000000000001
0x93b74c48f77f461fee6a75b0166ba63178e0ce7e,3.0029999999999997
0x0355c8abc56d8408dab2fbcb1ff24f187d27bbb2,2
0xfc3c7627e2ce9979bf769f9aef0fb2a44309563c,1.004
0xaeaafaeb02bcc16665325570f7486070b9b833d1,1.132
0xe83b1f24a3354d6d53aef6266dfcaacff7552040,26
0xd3c91eecf56c5e810fe7f549faf87dec644ab3f2,12.128
0x2fc41b57fdc1f7f56c607516bffba0424173b043,0.98
0x742e249d8d1cb9350dfa51ac9b45039af75c8f59,2.5709999999999997
0xc5ae8a734fc64fe127c6369fd1fc99634415de5e,9.383
0xe67e42861e89ceb44d25c9a69cb95ece0a77c11e,3.52
0x33ce5d531e190a839168817664ee514c4844cfb1,3.428
0xc2ce993a5c29de18fad875e482a4347471cfc325,1.698
0xf3d319bbe1be1a2a04e287205de74df6f145d359,0.578
0xfb25748ad7359888ac615968d8ef9e0ab435e2d7,58.942
0x6194cd3802eefcabfef2f7a70bb328c087dc0f95,2.8
0xb826ef24bb7e653be426c58492405741a8d82bb1,2.6950000000000003
0x41e3065f22be1eb44b8c6fe79088b13a95acd705,1.002
0x5d49831561ad4c7aef6b7cb19537ff5667ec2e53,39
0xd052a61e818937007168699b78ce775b431ca57b,6.012
0x735e4dd72930548db678a49db8b7b5758973a0d4,0.784
0x4814a70a33f928f6eaac0da13ce73a86e059d9cf,2
0x5dbfc38ead0e355ba20aed7118d3ccc181251d4e,7.09
0xd4414da59322bb09075830b51f6edea4f24f0058,14
0x5d73ad30928efb7df624a753de27e23ba4216bbe,5.172000000000001
0xd0dd3ffbbf15c43781bb6bbbebac7d48c25479d0,1.001
0x6d4261148835139e31ab986047da3463577536da,4.44
0xac7931ccded13ae7b97c31fe90725a71a6978cd8,5.28
0x76e55b41411e558ca58b561f0825a7cbadd512da,2.5709999999999997
0xa4bda13a5e137b4884f8b825c6360c9ffe25415c,0.51
0x0cea2e0ca4effd0f629fac310d55914f579ff8a0,10.405999999999999
0x8f0573d35b4676852d5870a68e5c211db64d9c22,0.605
0x4bfd4636b0c35ffeebcb3a92c4370cdd23c0f505,30.942
0xfbef089c6edaabea78dbdc9ea177aa3873179eab,1.991
0xb0cfa2c27c6d902a932e852f3dbaaa0cdad2d02a,1.5
0x5f1a792d91b1cd1e0cb120434e7c9a26da4bbfde,2.628
0x990f50b142769b5bea27aba0dd5ba4e917e74947,15.16
0xf309353941842da30a429aab83753ca6edd3fa53,12.887999999999998
0x02768e97666af703538df22bce224c52488a35b2,26.009999999999998
0xcb74ec4d1b582cb37faff131de16d81bb1d8f3e8,15
0x5821cb089d0571b15b32b532cd7979b08d758426,4.6
0x1a3cfc097fb88ab95567864f8d9585abad5d5368,1.147
0xbc066ff3bd6ae43dc89e3e5b7b9aa861a6af274b,1.029
0xbc6fcd803e97f32f27e450d73a821a9e11556031,26.26
0x12a57082a39122c728509e161def071f708291df,0.627
0xb5fd676d9bce321ddf1a3a6e4a5150eda754fa13,1.943
0xeee70aef2c5719d8a55445e5fe8e3fa849c37b7f,2.027
0xbfa49c8aef79a8a30e89c4a53153a7fa3b4cadfe,5.059
0xd5fd6f0968b92e3b883df23d8f2351600f0fec9f,7.24
0x6d67ffb0f25259f499a25a635e4e26c090d0bb24,4.56
0x301bb167e8f1615e321455e8f6225359c717db64,2.44
0x97b84bda3ca2b428f821b94e6d1ebf669f74657c,4.135
0x4dfa35519b3063e86564dcd84dc01e3a0bbe1aae,0.84
0x824300d3dfc766efefce7b211b8db5e88cbf41f5,1
0xde76dd94a9c58274e02c0fd9d9a50cb9f8212050,0.6
0x600a82b1e22e11daa9c2bf9e0fb84bb65526d8f3,3
0xfff88ed16452a7220736202c468bbf637fcdfc14,2.494
0x7526d459cc3aaa9c5ed6adf3f9f3ab829b89b486,6.075
0xb38e4498f7c4f66a99d49dc98367d4c08e98d0f3,0.9510000000000001
0x938e29a4365571c859e1613854d79645cd0232d9,1.5
0x8dc2cc0bc264f2fcb42dbd9125fa6ce2a4f4bf03,1.287
0x088431d510193ed3d5b4015f6e806e82d2859703,2.884
0x2efd3dc14983478f333e02dc938f054689615ffc,1.033
0xac70638f592bed708a70cef2ee56859907a5f643,396.3775
0x4fbced14cc09c8534f1c2bf5cf5675f08d1f318a,1.554
0x1c86119bc64199718019ebf665bd97967664a98d,0.598
0xdce16f4b81869d6feecee4c61bfeb896e54d6cfb,2.007
0xb6984da58294be618cb26a4f408d92839ea3eb99,13.404
0x28e5c6621d6f70420fc5e310fb3faa616b398c47,9.370000000000001
0xb7a6ec3ed45b2f334dcc9314ebd61a382bd152c3,1.127
0xad3945122716e4abc4d88a678ccce908c2384976,2.014
0xb7e54192033db618bb08e265042618c0116ae3a9,1.002
0x48d479f8d874e7522ea16172695d45da383cb5a1,0.557
0x6eebeb7e26a2ad666127a56cb396eedd49961ac9,2.1
0xcbfb3bb2c1750cac8addcc352a61659df201ebef,1.165
0x68e72af70a1ed0556f18266425830186454fbd09,26
0x0008906ca2e1d42dfb6bbcda7f9b709a0cfa8dfc,2.928
0x645dc304c5774a29da094d096dcf8d037aad9638,3
0x943e90e21682e43b7949653a48d3a42ca0230d4f,0.698
0x1be9035ddc9a1dcac196b9ff1fbfc60f6e29b84a,12.942000000000002
0xbd0fa9edd5a72bbfee478781200225a7b02d0b1c,4.0075
0x9ac9b052374f20351e2b2c2d5f403a78249e6c5b,1.714
0x7600bfd39061a541e2c1739dfb08b5a5a008b079,0.843
0xc7ecbefdcf5c37e8db2180ae64861db7714515bf,5.699999999999999
0x1b2eea71f86013f44099d35f507635da0ca337cb,1.02
0x38cf8ff1ad1b700357a33dd5eddef7240422a8ff,0.9
0xf1193bf436d4e8206de4704878b75e25b7a2308e,0.592
0xae849e15f80b5aea002972ee49c67422cff6180e,2.7640000000000002
0xdbf9f8eabfc3300c027e441bd2f9443d3b98afb9,1.91
0x4a9a592077f04a390dc0339d6b2ec5913afc9795,1.3135
0x8d3dacef30c964b1cf77ba22aa4f4b36d7daf285,2.0145
0x5213b63958080ee19849b1c4e335066c416a9625,32.465
0x9de2afd334283ad19010bc5957d19d304f01ceae,2.515
0x8f4cdefe85acb16299a6a963fe98fd847dafdfd6,4.177
0x065bc2012c9eef61ccae1c2b4a1426638db5e40d,0.92
0xea4ee34d5ce1b84d52ba0cd221db64cf8cb18484,3.7399999999999998
0x0359997f5c2f52b06747715306ca8292f4b943aa,16.892
0x97c4eb60bb6a49b7467adce66cf084c6bc4406fc,3
0x0d09930e60d28e90e1d0df257ece8e3d209c7bab,2
0x74c1fa1dc31161b17ee79c4eec30ce9f6a62951a,1.0975
0x6ccf12a3272c6b87f56b665027bc473af8552326,9.600000000000001
0x219bbe62b184483a52bc45cd31afc7be2129c4e7,1.056
0x4fe53db86829ea9c6e0d265de066addc13560e50,3.239
0x110c00ce75d5029e3449d150bc00b11c759ebc48,8.647
0xda522bdc092cbfcad4ed7deb75cea79f885a424a,1.484
0x23c339f4a449622d1982e8a10c9f44e8dfe2e3cd,23.996
0x33c01376c5f53a2b9d623b833f2f77f9b118a8c0,1.3245
0x762c04bfe9da97df7fc7a42c81591b5d056eef22,2.438
0x8f5a4ee08b7644b8bbc9689c09bf09bf3b7c2d0b,1
0x612fba5d91b0731d2b7d601a80ea39dba3cb8741,4.429
0x773443095c17436a55b6cc27baf0e04821eef686,24.804
0x24decda7f25b7fd46fc57b2f1459894eb2dc3700,5.742
0xacb32068b22173b02462d9e5adc5cb351f51c9d2,1.018
0x973128e6cb8ef3a3c2003e208d70537a82b4cd51,2
0x89d1307f4c7016a2ef3297727ce6aab60a2d85f8,1
0x3eb957ab0ddcef58a8be847da0308285870423ab,1.1949999999999998
0x972e64e6b405ef73609d9fde9f35f6f8fb19a713,3.984
0x586292f025eecbb0f2fe4b85a7c9a5da55d918b5,2.985
0x3051a4ef7d68821d80df7ddd8bfbaf7b757620f7,2.446
0x5f2280370390baef29338ad48b869c31c303fdd3,3.1
0xd3fcdddc7cd31e4ee4d733115d1f4944c01ac1f1,2.048
0xe086621d297a5d8bd99e798e16a428fe44a5fde3,40.988
0x301d6c0e8589bcdc43fcf9360caab8d1150ae659,1.369
0x6a8c304ea1ebc68a9737456f1ef05a48ebf7260b,3.9320000000000004
0x9755775a5c63198015757e1b90c1d8413073637c,0.943
0x057061921d5beef684f8297ab5e41edfc2a82aba,5.124
0xf337e8d364a8ac28a3a27c5db0829d1dfa5dd918,3.92
0x28b33352fdc3862a3a830d8f7f16ace1e8bbd240,10.5
0xb8454d0d2ad2fec16294d06e144c76766af4d5c5,6.9079999999999995
0x298bee7a5b8479a5136d9f0e69957d7850e9c5ee,1.329
0xb82d813417fa691067a75f151555682ba0d0a3d3,0.748
0x62c8fbb2a1362aac2a66c0a8f423e5c7537e3857,76.128
0x1950a8f7ef43092ae16dc9e2d16d46c85b381ca9,13.268
0xfc127217f9e5d2576e0ef9be365899c37d1f79dd,1.052
0xcc36d1a3ee626d2863c649e923a9f8e3c2e6938c,0.999
0xc7610188eb55b700cf89d6461b1b559d6718bb77,44.564
0x13f747bac002b315c434dacc33c37738be51349e,14.376
0x1fe4683d90b811b69b643b52e9c0ac861ca09d81,3
0xa516b50bcc3331a5ebcd385a6cfd4a038fa09ca5,33.423
0x8990a8863dfc6a33b79ae534090cf0dad5837005,8.337
0x57e19c3cd3fdc6beb23b84aa17885d535e5fb2a9,10.004
0xdc3ec005ed51a918306379177b80f6e4a0c2f564,4.057
0x8c96f1bab1d4a23c885006a5c7ae6f65f636461d,2.793
0x76edad3cee931cb8bf863c71b8b495845bf367cf,3
0x0d7b43f610f9a3089469b9d962a9c1f6023ed827,1.434
0x895833cf191f73b52f2de848812d6b9a4753cfee,13.026
0x741050a6b055a3ba4ceb4519b383a63046cb1ece,13.2975
0xcb1c43eb6285e714e0a8ee88efef65852567ff0a,2.9339999999999997
0x2c064aa8abe232babf7a32932f7ab7c4e22b3885,20
0xd3d8f395cc0f695c2b7ae9d2c8c52b47b8e17b46,0.57
0xa1cdd9c821163d491ec3ef8f7fd65290b7c2b25e,4.615
0x0566804f2d9b4db0f6e4389a94a5e0fc35fcbcff,0.797
0x57fa0a715d5c1238379c93b211e64c9062f5c5f7,2.72
0xaed9f723ad1c9c552c17bdb1f01fed8accfbd6d6,5
0xb03dac533b0a5f9cd690daec9fb7d1cfbee85876,8.8
0x8433b5e6f11c5c98933539b69cbd567a558c9251,0.742
0x2688e124ce2c40f4c977526fdf24f54514ed2f80,3.059
0x14a021b82b7d851d75f7d700bd942716ce8e0d85,5.88
0x981ef4c775f0f0613a8ab39dcf9a22aaa5f9190d,1.679
0x3709d5d160fd3494e7f34f86a6c0d9cc530e0cde,0.954
0x6de573a3ad8c7034d135a2c8c549432028510d2c,29.614
0x1e39dee3bfbe8a9892ab8d83d6d44b1d02356327,1.099
0xd652b9e7efe6cec7e57507b350713a9dfc66b8fc,1.033
0xa4d9e33f7c04816fa0701891bb71f3feaecc8651,0.7
0x85ec8a98a17f717c49c6fd0679728cde7af74bba,1.266
0xe2fdea00bc6c77c50811977733d52e96ba2f5bf9,1.029
0x67a6f4b350cee3951572526f5b7e98c5a49f06f3,5.357
0x8c582652dd597990e1cd7d32ed9be07092581bdf,85
0xd4bbe6dbd1969191453d012a9220c940dc48529a,2.279
0xceb7ce83f16ff4b4331a290f36464cc6e90c2c64,5.335
0xfb9dc721556c8cb553dd9aa8ff7675ac678427e9,3
0xb6c0d7b86b53779a3e796b7dc955e5b838bf2e08,1.043
0x900a7b05cb1e3fbcd699f8df9c9399ff9d1cbed2,32.942
0x84d6fdd9711662d5e3e2d75ee73bb596916f2828,0.539
0x93b99c8e92f6d2e9f3fa4657ac5984157490d764,3.041
0xf2f17254d94769f38f92aa3dae5b6e0077d618db,1.714
0xfa2edb368510ede3a7eb1f0ab63c85692badde12,1.018
0x88000ba1bd0f7c27ddd3e7fc0e912446efdea1c5,17.034
0x49fa979f01a642365ee0454a9b1788e0d5a558f8,0.629
0xf3d002b22e8fd57807834af638560337570f3435,1.496
0xefc1228bd6d651c2062e393e990bc6b9bd093acb,1.369
0xeb7ca3840fc35d03cb8914cf1c2c7ccac8c3389f,0.508
0x61512db8e502db7fe18635225a589928cc0ab921,20.28
0xc5829e617b833889f85158efe6df657d6432561b,1.014
0xb73972d51e4e921d26986ec163a3b4a158cc8fee,1.206
0xccfa5829f4909f8ff0af7ac5c59fcc3bd82bbc19,3
0x861446b5ffdf636447d1389042d72b4a107745d0,3.027
0xb244d6b256012f0763f6cee2d0aebafb9b911fe3,10
0xe3d5600f08f26e9794991479eebd4291ffefc069,4.8285
0xac3411717fdcf6fee99a9f852781ddfb8b70c1bc,5.009
0x67315cdd5106a5f7004bd07e75682ee3637b555d,0.547
0x4c417bdd8d818df13f0d5c0bd840f3e7dac7955e,79.446
0x8837499846c95e6e664a0f52468d1533e93b1e20,0.567
0x666294e793d33f8bb4e3d449c7a4891a6dc85f20,5.448
0xa8ec081d3c821bd7fbe07af74b9098eb97b2b14b,2
0xded9f855c695b201ddb319be6b5c55fd881e2859,0.8250000000000001
0x1a26def5f79de24e42b995a8d90b303b60e36b5e,3
0xa287990b38d1b55f83fd4c476d640deab6c0bd29,14.892000000000001
0xd9a716019f0418f159593b0391a42ef8d3311947,3.4000000000000004
0x502bc1dfa426ffff924dca0f7faeb659abb4659d,12.93
0x88fbe002601c3828102cff38f91657603d172da2,1.02
0x8c3761f990caf15fb05d09c5e35d7bf6d3c04a12,2.8935
0x9cb2c5e3577459a8c2a9a5f51a5f9df6a7d4ba03,1.355
0xb5fc52105fc2f0e92f305af53445f69f9538efa7,4.83
0x0af64b19637865e5d794b586fc9d22053870646e,5
0x8500193750d858c3432896cddb94985c9083420e,3.948
0x8c484cc535c65b5e502ee45416a0147b5c58759c,2.59
0xd64acd34152372a545b2e5fa82cbc1e1241c1754,26
0x6a859ff69e27b08903c05c0969fa940f4281cc81,4.24
0x0c36922266e6ce0f92a357e20399f295c2b9ff10,10.471
0x056dd845fc51faec109c306a922b60e82d294a0c,3.4000000000000004
0x3fb84b03fd3c92ff94765dbf55313790620fb644,0.588
0x89e562b3deddde4458aaa73fd003b27eaeac7111,1.003
0xce0b3e70bcdefbefaa7b0a3f3c3bacea96fe975b,1.2215
0xcdd639f64828576cafb79737415f2109894819c4,3
0xa166ad5e56c14767a5a249d5fecba74f99f80bf0,1.773
0xd111792be12cef98dba5fe22b70eed26aa629c8c,5.191
0xeee8fa031cc2a3decb3e82b31fa82370d581f0ec,10.5
0x1d0b26fa9d9b727168852a171e34381b27f7d044,54.547999999999995
0x159a0d711e543545d46124e1a359b8a11170c689,1.1
0x2502b48cc881853826bcb7ece86a83cd7f973879,1.999
0x2fbada731903f29aeed16fa3a088b3aa47f05fd1,3.577
0x8cc1547f2aebbbaa9466310355110427449a937f,44.564
0x4c8cb4af08c654e8f8872949423adf0784599679,3.4000000000000004
0x52c771ae2960b81b27ae317785cf11cd769a15fe,0.794
0x7a8d54218fbe9e40b2bb58c2b2251b04d7fbba3d,13.364
0xad5e946301f08f1b77833e72c25b65f7f47b93cc,1.182
0x23af4020cfe6ce408043667aeae17ab7d6668b0e,3.259
0xc2d538fd01f4684d8398ab7193ad1bf8e3095382,0.714
0xfcc08b27bc3ce5a761aa6ed4d1d3f6e8c5b64f99,0.51
0xd2892edde5986db11eed785dd857e47ddd8704a7,1
0x62cb8f2c38a0f7a93c37a7cf103794a0e098f032,36.59
0x580d765725062ab83acecf1191ceb1015024d3db,31.223
0xed72ac7289c44f0af1e7f93376e7efc8fccbd6a2,1.0150000000000001
0x3c72fc7c5feeac283dcad3c9f2ce1b09f783da17,1.7670000000000001
0x16c9604b741db050978531beae7b870697ea1191,2.034
0x5354a5813a92f35676f4ea3a2d2bb7478996a799,2.1500000000000004
0xd07eaaa785da1ada8c56162ade4f681009b22bfe,3.792
0xecaa5f188ca3f8983bbc6fb0598a83585e467ec9,0.671
0x7ecfee720327b068185fc667a819e54e95e3fd24,4.32
0x0b8e693224ea0fb7fb5f5e693d33e35e19547bab,16.484
0x5fd2a1a53fce52d12797b774f3a866cfba5f2e71,1.899
0xabafa5cc04ef67c288e7f6def0b64d0ff7c1fe01,1.714
0x6793f2f6db96bca7233916a61d80ad8049503fa1,1.8275
0xb6d92d66ea3cb999503c12cda766e14283d42417,6.8
0x096c8c51228ed660887358fad0f93e335f51fcb4,0.9
0x507783e28fe39115c87a128a167ae9fddf2a8c5b,8.064
0xef7d5e2eb45c60c4e8f715f6be158e9127d77819,0.618
0x03ef0088d1bd50bb48e96cf1ce585feecae19158,7.62
0x53d3b73cac0936c56646104b5e048692a63d84ed,13
0x82c7579fe2d5e640b54de76e4039b4f648410b15,8.256
0x2ced06181af289b68ea5375cddb4527af04353d0,1.03
0x35e0cf15aec64af8a8782f45186ff7ef9f8cc9cc,2
0xfde5eb481d96118306e253788fc6c7067ec77445,3.4000000000000004
0x2578353a1aef41c322637e472c716388dc87e8fd,2.01
0x21d4ddde7bf6db02b63ac814ceb8c0bfc28d9385,1.009
0x8486b8e7c762eef550858a79bacf5db232e192f4,4.848
0x393d982d5ebc9774a65345a4bdcade4fbc5ff411,3.851
0xd3514130060faf2d55344d2c4f7747157f0de3bc,13.5
0xd2d6fab167a6c18459030ac6db2c234bc766b152,1.5230000000000001
0x5261987c325d5511cb5339c776089d1f24fd2aff,1.207
0x99491524b2e1af46e013e40bdb5a8b5d9287ad68,7.166
0xffab1e97242fcf959107369b159eaf640a631c97,2.436
0x541cdc88117a77129283cd91b3d8f4b419aea5c1,6.856
0x37a506be2bd7e16de34f3f62c1b544b70856fc23,1.5
0x8a1d049052d7fa521fdde14380c6c95cef7a426d,3.448
0x9fcaa32d4a24eb092dcbc515d62e7d4c64fcb5d5,1.751
0x05fd56b670bfb02a8ba3a7db79ced33b0d04bb52,1.008
0x0cd0748ce3a5f8ea1a6d6c508bb79b066ddb904a,5.363
0x34a2700a1bcd80eedc0a21db0b46dac2b9b77478,1.714
0x04c0f446989835dd471686095e2d8f7755dda5c6,0.679
0x3ea33c1302631dd20f90f961f9ed25afffc4d28b,4.17
0x3549f7651db377cce5f5fe074e60a9fab3eb90e3,1.5
0x30a88ed09546b85fb5bf494503694f14cb14aab3,3.705
0x4be45c31347d8f3e59cb10b8f5304252d54b54be,1.216
0xcfb8f88a39383cbb0d156e8bcb8f5e681af96b15,1.126
0x95dd4fb5c5ce75bdd4c50af8eb10c6040bf5b365,3.456
0x5d02aa514605a11a86f68e2b0367e1fd16441ad3,1.744
0x520e557bfd4877abb4e833dd79738ca8110d80de,5.508
0xe056068d03c1802152fe36c0b433f85a0b38d974,8.64
0x225bc5dbf262c4f16936240b9fda536769260450,3.8
0xd051bbc91a0606111c3d148e390075a381cae19a,33.788
0x21a8ae7ce7cdf0033045d99d5b644ff4a2dc902c,2.078
0x9dbd42d7aa1dfb51d3813b7e8ee8c254c98ebac0,10
0x97127c113036e1f506ab99688d4dfd3e4cd6604a,1.181
0xd6a19b9c8ae7cc06687df5c3b8b024d1b52e7fd1,2.142
0xa2b3c1ffcb5ce03e4aeb9ef7aa6cbf932f463c4b,22.503999999999998
0x54b0866be0839599a797109c8a01bc0838621df8,18.955000000000002
0xebc09521ef7ea475f69a90bd974a9bb2c35acf15,0.548
0x780340e200053039b90f8dd33c9cc31adbfe84a5,19.5
0xc97bd2a03d0aee0f5a95599bffa8de8ef9a96fcc,2
0xa0faa58e05f32d11637005f342b58f2f3e30ffb8,1.596
0xa8dcfddae7cbbbcfeed5066d1b6bbb0224b256ac,11.232
0xa524ae0800aa41859d9fe70e6b0a7aa357937936,0.8
0xcf8c83d02430492636470b8ceaf5ce571b3c6189,0.678
0xded35c121628349e97eb004e646fe13e22c6004f,6.856
0x14ea84d6740590f9cd8cf86328be1c8cc9c28e78,1.045
0x5b8b6d7cd77236c023382df1f74a3693b71e953e,7.312
0x145a503a6ce59010b3f85f9e9de06a7e81c57b4e,4.127000000000001
0x2f09db2f4dce1765aec676c0b3fd8443e07b2698,13.104
0x3931d1eaac66d74c3c25f2af085dddfd32f6ea9c,18.964
0xe2375d94569b5a4d58829f3204412de8f551eb41,2.676
0xb6a4bf4307ea4d90ddbf551a4786a6d0f8f144e5,3.041
0x8f4d542d1611de4dced60c366c6d87f6467afc12,7.96
0xe70148e1810dec127c72654e2bf40c75f267115d,7.676
0x7a4ee222d49e9d014a7964e020c30f61f96e3b05,0.694
0xf5ab6b4a8d578807491ef59ce855982990932617,2.957
0x8fc46f4fe83167de13871b7e74c68901a5b77efd,182.32
0x0ed52e0c23e8433aa47e2a5b183d98ac14cb9f65,2.006
0x2b2ec690d38ed44055828be82475290ac41fca2c,5.143
0x2122215ae8320635dd1c778ba9da38373540c997,1.714
0x3ce55dcec0aba22b92767db0452f8a2d6a491368,22.974
0x5d650436d342803ec544faa4a76e1385a8f8fd6d,10.86
0x63b4316a700f79cc4fefb9597b704c24a493c46a,0.51
0xe8023f2df4860884200817e5620355d402a38831,4.8
0xefa63618bf26f5c58dedaf89a6ece5c9e4e54f78,1.107
0x9060d88a330552826a62b4f7cfab6b8904bb3c43,25.106
0x8fbb513ebdf988c801085ab6cdb62cd5ab3554dc,17.818
0x0d38a425143d6f37153e2547136f1c0f77a0f28a,1.176
0x9bbceea64e5f7f1715b45653a6486c076273854a,1.714
0xb2285bc9703b4b20a13d9960ad93e10cff9c3e4c,3.814
0x9bbf2a9148886e12e328abeaf51bc034054ce963,2.28
0x4eca4b9881d480d079126fe7c532df8faf545658,0.79
0x07cab1262242fe5172826c2878a4993feda66614,1.043
0x71309b6baebdd719dce65e4cfd253c02eec28517,2.2199999999999998
0x3cd1bb262cbd1db2911f117b2d41b433f30b7a11,1.722
0xd3c85eb21abc986053300851456c457b0fb88b15,8.786
0x57a08fdc328ca3f3697a3e93e79b24b02ebcb41e,5.999
0x356a1d033c6ceed52ad18cb650b167dd9d800229,31.003999999999998
0x43988f66b07a3cf4bad6461a94cfbd5c39e51632,7.151
0x9097694f0c98b13413e04acee3fabc41ea2887fa,2.028
0xe92f7920f91b2b3ba7b9bcb8fe40f17d1e8f60cb,1.714
0x43fc2d78b17d6bfa4f69a8aef897424d667464a3,2
0xfbde639604c8eaa368fd0c9553d7b1ce09cf8f72,0.547
0x51052256841b5002bd54728815a02af3b129e6fe,9.133
0x384b6fd4113dfbcaa6a564e6a11b7f6cf2e99fc0,1.602
0x3b929e262f78d86868b85e476ac068a21ddfeb53,0.784
0x99ec106ff326cc591e820bad5822276e0a46f8ba,13
0xad87f494156a33ace5e4f5e8f70c8430478c282d,14.089
0xdac904a2165a9439dc5f04b82ae762707d3bf4cf,325.01300000000003
0xb767c2221e60fa02d87d3a8c0c1dec9c7a7cec17,15.120000000000001
0xc5ac75ff85edb5134ad8b2502a61078e99d7864c,7.538
0xc9c6039b4ef5aedc28bd69f74d8a50556e957789,0.857
0xcf0ac7742a310cabf08fb2d45396123d785d1bee,7.074
0x0eea25cc5a240d0e580e31202d24a6b21a55e296,1.714
0xe9407965b3eca40a9c332f27133730fb89cadd41,2.1215
0x270cb3dce5b81e4aeda9fa8706938ecf50b42fcf,1.261
0x3089474f12e9989b2d13bd352e331b066c926906,16.33
0xaf14ae6547b3ad6dca151878326cc0a597304c97,0.633
0x7dbcb865f58ecea05e98cb22903cf6836b126708,52.65
0xa45be2194f209741f375159b415df227b17df8fb,18.2
0xf2580c4052be53e37156aa8f9ab9a229ce7acbb0,0.991
0x37c4367831457d22d1261bb5b6b7907184f17373,2.7
0x77a2caf2827afb7085db47f73023c1eebce62c9d,2.641
0x33252f749f9913d151e5f15d3bcb021edf3fc114,104.858
0xa5e5d950d7c743f77d5fe959fa4cf4b42e7868f8,9.35
0x30155c458c794be826f63b4ba56718409d282673,0.849
0xb7d0ea66be2efaed2fedc43eb83a841c04d21f8d,2.21
0x98d0867e8c49b54a193b5439a85dd8033cd47c1d,1.54
0xdf816b7eacfed0153b060357b06e1f1ed387077e,29
0xf0f60b8264ee75ae4ff6cfb069afad6e46586846,83.278
0x0cdf57887b4f18964fcf3ee92ee25a24241aabef,88.08800000000001
0x02985546d8c3194491e074f92525eba0b21b61d5,2.763
0x3b1c9b72b8bdab03ae075703b5206e382213b350,2.4419999999999997
0xb0a41524fe70b9ac5db7e16bffb47a82329f8f39,1.035
0x78e255f2532951ec2a5bdca4e0a81f5ba501109a,5.008
0x4444552fc73802cbe9e911006231b6266003f98c,13.388
0x754ec336b032eb3232b518760f69ba85b7bab090,1.5105
0x18bb570ac0de8c16137747aebd7469fe2bbc68db,0.813
0xc8101e46ae0b5d369a9c722b3f10f0ebdc3890ee,37.275
0xd280572f0f2e6386589aaea71fd87a1bdd9bf304,44.564
0x997162b9db33307c6d68da96d759c5f6f1aacfa5,5
0x1069b5835614f91641588d99beffc5d32f08715c,5.74
0x8916b3ff59fe2d384eeda70b79fcc0e2273141b4,3.054
0xfce78f6ee27ed3d25be3535edaf9d4255ef3aefb,1.714
0x2cec9412be99b1af650aa9c75d5c7e25d7fe967b,70.8
0xecca1f1b9d2753e8c176e78150b7266a65ec7d64,1.133
0x2c582b58572032317d84195f4b4dd6927690a7b1,2
0x83ae3d6428e5e29952396f04397cd75cd5eedbe7,2.424
0x8df880c60f5df4e4c95b86c3ced77a4cf3405732,3.253
0xde3dc52c0b2188b490d4655811bc4792c87d1329,2.518
0x8783e81e8da7da2fc0db4a381b26804eae2fc3ee,3.942
0x6c00686d807370327cec434e5fac482edcb1ee3a,6.328
0x372eef25491d583f151da55535ac3c7393bd39ac,16.314
0x0e873b5aa6010ebdd4fafb874486a48278a8331f,2.55
0x23d89116f50a704729d688d904322e667411a3a7,40
0x41b20910ed2e8199e512ec037c8f6e38db1ac438,1.821
0xd6effd1b9b42e91fc9e41a8dc3c29473c38e139b,2.012
0x6b1321fd0b8767c25b825927141a466211b8344f,4
0x9a67b130223a8032e1dab1ecd533b0e098376780,3.448
0x66b9281c09d770837d9757d6c85b87f5317a4ac6,0.501
0x740ca71e0ec5af1ad8c8fc3f1d2445f65c48bccf,22.256
0x289b2e8764dc6062fc50ef8d71138c09b4d1961d,2.939
0x0bc0fbfc641b25fbdd8a4fcc162819cf5730e7e2,16.38
0xfde885d13ab25450b920f9282a5d72aa41ed9b19,1.214
0xc2332a01e685810208acac1e1e99865698998981,17.798
0x843b749807f8517f2c4ee51eb12b9b02bd974c7c,15.011999999999999
0xcd8e4fddc077c49cc9a23550af9d9f4dec205181,1.714
0x31006342d2f390ec65a24491678453320da56196,1
0x1f455e3d64d27448e63b498def6f295689e7a43e,1.38
0x61d94b36902cc1c2746f0e916302eda2e108b35f,1.5
0xd2b21351369b9adc5648250c2e11ed2038d8543c,1.49
0xa0883b2cfb6ea4969a1bee8abb21e8e9f6357ccc,13.348
0x3a82d46b9d52eac593b847114de9bfcd509da72e,0.543
0x90df5c018b46213314cc62efebbe965c9fdcd77f,1
0xb7a2c66ab4d78b7b965eb1a9badf96b7c3d7efd0,1.015
0xc2c7a1d27212c3b3625cd7ab1e3ab693ba0c7123,1.01
0x8bb9c519aa182960e82109de3d82a4ff04055559,7
0x90406a56f2041cc19e03d89d640ae579968f2b38,7.548
0xd3057996c3a6cae5855442675d527f33bceccde2,0.529
0x84223b229d58d33f1e2c203d104d38b6d7325f48,10.047
0xe193c545c206a3956ccbbfc00849a442f48031c6,2.054
0x03ca344e246484d1f0e663303b2d532582c1866c,1.064
0x81af0ce283f8c7ca6e22b096c99dc7b81700b552,8.57
0xa2af17c07aa35b24a965bc5365d98a8ba55a8693,0.567
0x66c0133e969065c0f69677a81c6dbc686b9a6eff,1.3159999999999998
0x0c66707879fa1817f68537774d0c5f83ff38d8ae,1.042
0x0dbf63f33c4fe9f3497912ec465207a2fb4c7af9,0.9359999999999999
0x6e7dcdbda8306f0e42f23b541c1ee387926870fa,3.105
0x193c1551d54a6924b392d3f50682fc8559b104c2,1
0xb503c35d4d7f5c73bac02e2b446085993c502ed9,2.71
0xa0672a5ee0be3f29d1194905069cb66b72a56d1a,1.741
0x64623175262eed22f45a7e3915cfb8f8b88e1931,1.5234999999999999
0x7a7df4a4cd7fc1ddcbbcb99dd0b8167f36004080,10.2
0x52efb116a62da225bba9664916a65973d23bab97,8.186
0x1d18bbd20e95aea3c89623619cd78bf8cf939849,1.714
0x0fceaa6e6782b31799b52072c8cf47a1e2615e03,3.7485
0xd149ad5f12f373b9314662841a766969a9598f48,1.14
0xbcea5d458736dca454c8cd32257994812a92fd25,0.653
0x5401f72690d0386da0186bacdda189b1fb523afb,0.776
0x9f25aa7e87bf83da699448240e516870de670f04,4.665
0x72dee2bc73bf6a7d202104e0f27ceadb455fde8f,30.183999999999997
0x6258fa1866a4da825b4e8af3ba1dc0e7f39abfde,3.6870000000000003
0x70d39833c78cecf11b6c7ea0bf7c6c11e1a65f6a,2.799
0x1af91f2e38f97f18d13146bc8debf66d68ccf3f0,44.564
0xba65370d8a0580fa7a6c5d3e79889530053a1d85,4.117
0xe62b56c11b18b6ef9128e54d4ed35da3ba6cc26b,3.5300000000000002
0xe4e9479f75ae74a1e154e3e86e8343b8e2d1e8f3,1.714
0x73a1813c633ccc20f3d89fd50dd724596d7f40e5,6.1425
0xb625f5214d82d1a83523ba359259c5f006022641,3
0x1f432f495a85ec95138ef8b543dac73ee7c810a2,56.628
0xd53454874bd8364bd47391ab84cd7ca338733ab8,30.264
0x248138172cd0697bd0bae3f2aa076cdc85cbb0b1,1.0025
0x55980f4482519a0421c3d40a8c99f8cbe967b656,65
0x62b0c105e35175a1d98092dd82079e2df2212297,3.1774999999999998
0x367ba409bac8c2deacfd2e31949456cbf12ae3e5,8.5
0x39d2ecb521e9dd5eae8f77a7213f2e75284afb76,2.002
0x7ad75a3048ab522ee1a92aef46b1ca9d5a991a5e,0.5
0xf1aebe7fe7af1065bbc4bd197230a9e72811de18,3.0615
0x21a8700a79767bd89d736c502ecab7bf9e1b3a1c,1.714
0x17de38bb9db0452804d800d66bc21f14d7d65f4e,1
0x886713b4fe61767baf8fedb2c54d98e473c2518a,150
0xdbf21706e5845e9e9e81132115c1bb56e2deba5a,1.127
0x54e07590315371fd7eda98675ad68f3a570cc342,1.012
0xa5eb9b4fe72e136460611d21fe8a523cc3e96677,0.557
0x73d1e505b79a013dd8a7c8df7a466aeb65f66d19,10.5
0x8c042e3e426aa46200639143dc154170eae96328,1.714
0xc2f2649b183544b135197e163cbc56e117dcaf99,3.1725000000000003
0x384b06b98221b93f754b7287a2548267264fffea,26
0x1cfd60cf55fe81a963960fb828b76987d7ec1edc,5.510999999999999
0xf90baebbe3e4a606e22e90a0e9340a6a09644129,2.09
0x0208c736e84a97bf0dd1a8609f44df1c5617b53a,1.5
0xc458d9df7313cadd60d130fc2dd09db6e874c945,1
0xddeb3d70574d4e11330fa69999d0c5cc74b7a1be,7.412
0xbac7fe1787906e7f8eb3302779cc78c2201ca5af,3.384
0xa0632f87a6844a62567cff0eeb817b9f43c1ca59,25.506
0xcda5738c8629405f84466eb42ec6ad85cfa54a8a,1.714
0x1313750017a70495608c7fa8572e5009130ad86c,1.9449999999999998
0xe2fb02231878ea55704a74edbaff24af69e0b0f7,59.566
0xe9fb3bff79d28251fd5a7a8e937ff79b1e3e5bfa,4.284
0xd00c4135621618ccc7745c9557f644cfe14db993,13.052
0xbff4d3152c6a0ab8ad0225ea9911507e0ef37fba,13.689
0x2bf8efaa47f824589a4b06fd07b2a14021cd4fd8,23.478
0x4406b0f1aa2de5db4526f5ff95072a81e6aa004a,1
0x698c67ad22e1dba42bf61436aebe14303be113bf,3.069
0xbfae677cee1b75a3e45e8f989e590842eac0a4b0,6.271
0x0b5f63df333054f61e9d5da72ef7d44ab6b03447,68.276
0x7c698fd7aa06939a26a3c086eadbacdf682419c9,5.6975
0xff36a97ba095c69698f8e1059b17b9a061732ef9,1.714
0xe6726e538ed3a206d235812df101bf0d55bef08b,2.1725
0x71db4fb43b465c4387428f71f5d3144461fc244d,1.5
0x07dcf9b2a7e1fe907762598945f0869a1f4f9a86,5
0x47d32cc83527a319cb8bd740f3b0d8f735c6f1ff,0.655
0x1e741048d39c04227c2d5444614572e6feae1853,6.459
0xf05c372a27b594d3ff5937992938d8d535f795e9,39.974999999999994
0x608f8c2917ccf14f640fb3d9e0967e97f1108897,15.776
0x3a3c589c20362ff92c65f5594679ef32820ab995,1.424
0x4edca0a7d84d5453d55926853303b96468fec5a5,3.025
0xc9e3ff1da87f942a54e91e83cef6dbe97af98a38,2.534
0x24c841592c5c5311429544f376940a4cc5a5fdaa,2.835
0xfbd03613cdc2682b362da28e4561c29be614d597,3.428
0xd10fe88172d53d41528926a5434683a5b23a90f5,3.428
0xb0bddef562255ee5957929cbc1aa3990ff265a4d,21.02
0xcc830df86d1de3c43a7a16cc3a275bc491bb4c77,1.65
0x217f4e50c54d9344bf0420a9e4fe3d18218b8f3c,9.8
0xc1b24022bd388beffc33ef1d15936a303698f511,4
0x1a96c84f21e399ce735b3aa54f0403462dd41c65,1.213
0x0c2be0380a93e631d2c7041b6420d257b28d77aa,0.545
0x6f5a357a5a48fc22ec770bd6f4c6877fd23e6b73,4.023
0xe43366a924aaf23e93044ec4b55c00f59e01877f,2.704
0xb7aa5ace1003eed0042c3e2c4fc1a672861599bb,0.813
0x815ea24df708236f5f25265f20a7dbd7bf8e639b,1.006
0xc6184b7e9c896f5035f7a670bbea5a445fda6e1c,321.212
0xd4a44dd61c581fbb4199fc0849f773bb6fe5b1e1,3.469
0x70a5d1a5a7b88253245e36a1371d2fd23cbf6094,9
0x46efd4e6130004877e0c5848438b78c1ff0c8ca9,1
0xd5e6919ae29f7a4a1309ad17a9b3a688a05bcb7a,28.548000000000002
0x780734465e3b41a315f23437477443b7ad078e9d,2.112
0xb5e0022a91ec2746a031aff401133f6258256b6f,2.009
0x41c8649a6850f88522edc2300c18a839a88bbc1c,2.571
0x46a37da4cd3b9780e1bc2b0f96c3917c1c642199,0.504
0xa70253be5667c2389e82744ce90fe359f1675cb7,3.636
0x6f3c2949e1c6bdcbb20d31b1e34272b468009fde,5.001
0x1b32023bbf10b209143f63841359aec23781f9d9,1.072
0xd70490e21e9fdf656545b5c296ff065efbb28afb,1
0x32858fb4f11e629655ad9a412b8e94ece7dae9cb,11.793
0x89a0f91741de5c8c103e32dad5d58ee02dad5ca5,2.424
0xd05dcb30d14acaabf8e017009f80d033f04d7a82,0.608
0xf72225f2552004d952f17032f492324d11120e5e,2.31
0x8cf7cb0dcc6deda0521d827a8346596866b3af82,1
0xa19bd2cdfc1e489d6cf32c8f3337594e680e79ff,90
0x25124a95dc73904cf3f472f99ea23c5cb6c72f01,1.352
0x2fed1c1b133fae3301f67393a3afdb05feaad4e4,1.4
0x5295c2ced60efcf415d1aba4e277410220578548,38.199999999999996
0x65b09bb083a2393a88eeda288724cc8fd9ea74b5,1.0899999999999999
0x075b89c4674835cf99406b3861aedb61eba4ba5b,6.856
0x9bb87307535ade1acdc7830d21f4375cff4990b4,26.728
0x5aa969070571d552914ec8b3ea359a7bdabac2cb,1.714
0x6ff5723435b7dfc2371b57fb5cb4c373e5995c78,3
0x1d8e231456a0ad4c2454857efc38af7fec32cb19,36.088
0xc66fe05e623ce0aff2d7333a210b0f70b8d3f707,1
0x9da028f50fa36998a9d3b0bb03ae4e5e84d7ca76,10.001
0xac39472a6579dc84a9796e178fb90d2891eb42cc,11.512
0xe46b27811c9b6b718026e18d41a36a3806b00436,1.125
0x80b604d9584b8aee3ef3614a76c5618672b41b5f,4.59
0x8859fcfa01fbd3fe9661c7a81f374c4ba8d5b771,3.1
0x91e3117db9ec278cc57a70de80194c7295f37e43,2.6100000000000003
0xacce2ea5022c622cf5f3d5fa29bf02a486820937,7.125
0xede70850b3a5eca4cf30fd892768195d2f21534e,42.5
0xfabacf6cf31735569788772a7dc92a5550e48ae6,317.876
0x78cfc53bd60877a824d524b9e1baec998757f1ba,0.9219999999999999
0xe9855b46c99841bb444db20d317599cd59525bf3,1.004
0xe515ef627f4a8177f28a55c2b04198258a16018b,1.1
0x43aad4d1e46eda2f48f11699f5da90b5a6ffa9cc,489.794
0x952891a4e1c0cdda739ae14751b79617ebe1578c,4.6
0xf541148ff95244148d76dda0824199966170246b,20
0xb1d3e7b9c989921c2e716b8e8fe028fec7210508,2.5
0xe042cfed8bb304594a13d6d13dc7cfcaeedef473,1.714
0x2565cb8914d312934a9dd18f034417636bed813b,0.649
0xb0f33991a72c6dc0f0edc32f29fd82045031e3eb,13
0x65f80893c4f177882281f654c386e058f8e10df4,44.564
0x20ea08242e3a30e0af2c4b1cc59960e576cdb137,1.097
0xc0b85f8252a4bef13d69a3f0dc5469b2294627cc,18
0x05e7826f852e293c30eea62d8868c51c79bc9ef9,1.714
0xe147736cfcb1c63b0adce6eb9a961dd42b557a15,1
0xf0e4a405161051e32377e793fd1cbf259ba64bd0,0.562
0xd6a2fbcebb12d93621e25e3f6092f60536b9a999,29.556
0x7447b1f7089a682db565f5e93477edbbfe97de20,15.081
0x63191cde50490dd63fcb99c7fb205e09ec0ba929,2.058
0xbacd21b2a5998185b2134d891694ebbd075d9c8b,0.59
0x33c4f6306f8ec6caa5444908d0f31abd43974cb6,1
0xc3458e7cac6b8b184d5226900dfe962fdbd60809,1.086
0x9d43dea32c33d806d7af62cb73dac2642c0858b2,44.564
0x502e2799070a42e9ee99aa838aa13d13e2427137,0.575
0xdaf42bdb6f5d7312536d212a05983ed344e372c4,5.605
0x08a41880bd6892464d6356ea413c9f40e597083b,12.338
0x4ae9df6a31b8fae1a4efeb540531ab54e964fd5e,1
0x7ae0399895ce352949bc31896255f6f7b374aec1,1
0x68efa2068b6ecb353ea3ab8389b3ba106e143b2e,2.1175
0x3801d063af5ed03f3d867dc99cf6427bef063505,1.233
0xdf67662ff139fb6ff4c4d76653dede789a0ab5f8,0.716
0x1c804ecdcd24f878fb4d4eb2d5e08d6f6ae78bc0,0.8865
0x06f7455a446364f8ce432cd471006e123db9d82e,1
0xbd92ef82b4077bfb1a0a7142b562e38a872f6b8c,3.138
0xb8512a05c93ed2b71479503aa401522a75b0aa92,1.091
0x1c29310eeb0473bc6ac70ad15ea690f768bd190d,5.57
0x9f678eafa1921152867f569199e965664c028a62,0.655
0xc13bf0398f52a693c4da715b7491972f60a9a0a1,1.651
0xf5981a50464f910afbdf099639212131e4e068dd,3.179
0xab2b30a5c19e979a63a1895f499b0821f4aee24f,1.4
0xbbc2e63d1efe1f94db916bfb6dbdd25950d678aa,0.507
0x6a9eed97bf83ed53ff88666c0bdf3a0fd72e29bf,2.249
0x9e617187d7dccac58122e88b1ff61676ec371af8,26.832
0xd886bc147902b2f7d1dd67ba0ff9db527a5a2447,1.029
0xbe7a058bd89e3b456b190b51541ddd538ad31864,17.997
0xd53f5aba4997bc39eaccc9e2c45a54765d7479a4,4.011
0xdd105462de58bf79edb2846ebfc6484e5e971cbc,9.696
0x2e0dfc6a162b1e5fa2bb764ba0f0f35898fff272,26.793
0xba81c6f2f0a1fea01b5279044684284ae54963f6,2.002
0xe2deab05e5fc472177d84bcb70b35c78a4340026,1.01
0xf068a63be5a5171396e7ad988d2d3b4e544f7c3c,1.249
0xd678f6d369e66bc76268577d39260fdfdb98c348,15
0x853cca425c94d6b3710dfd4e9cc826736bb6700d,10.166
0xf66f6a6b0127359ab905a7a160d30ada887e4ee8,3.6
0xce8d7a5f47f10e557fcbaa103b4186b590e6948c,10
0x53250d3ef81ddea8e83cb3ee644f72f6b4d856dd,1.7775
0xecd56b3fb4053814250b0c9e6ba5ee33e8f69add,1.815
0x142a0bf73a08e62e8247f46a3b94d0a7ca4ef4a2,7.713
0x0edd788354066a739733b3201d08478b9bd8f5a6,0.602
0x382420627068a9ae7913ab7ce8dd78b7456a8c73,2
0x1eb0480c39e5f390b305b93e7f736ddb5e6954d0,3.404
0x4ab8cf65011c7e1f7ad306b4694652bf1bd9542f,0.564
0xf3e55451e545408c9aaac344d817da2c377e8e95,2.126
0x19980b681760e1a0f61692df7aa43e5e4f302db7,2.165
0x6edb47d7e87deffb078fbf7ae35146a670497eac,47.696
0xb9543f292fed042a408b614d4becdc63d00ce5e8,1.003
0x6cb72bcc338124e3e52401710035ed543870c9d1,13.526
0x476a31c8da38a4c0324070ba4b3ddbf9b705c7ca,2
0x0a6b75c3fe3f1afd487fcbd90ee8bec8098fa48a,13.158000000000001
0x56f393e2ce3f251d05da9fdb019398c5690ef060,8.57
0xa9e55f43e46398478fc987de2ac9ddbf94205199,41.171
0x709ea73900683da4f24db96a05be253eb7e87d60,1.003
0xa938ca06a21c140c2b8511533646a151fc22f26f,13
0x0274c87fa57390ed586540c9f4f9a5bcd7de0101,6.047
0x56901e50bf09ccce5a1c0d5a94201d224f5eb269,1.424
0xac07984a76cc6b865b0e4d8da6fc17ea4be06ef2,1
0x7591c2f20a7eff1020c743b391398af15fcac6e2,2
0xd3384951f6305db84c67b4090067ad11b9568487,2.01
0x8230f6882b3c3b6f835caaa9a2555183fe8a248b,1
0x82a9028c28b80c9c8d31784e13ec78ec4961dc7d,4.1370000000000005
0xe4765356396d280de0690cd763a4612a44778bba,43.83
0xc265f968bd729650c0ab6bfa9103dc8cf68890bf,1.725
0x58815c52d0c44a6057aed5f22e7ae39981b47a3b,3.882
0x258875463927e335042b17238641034761a55e59,0.7450000000000001
0xaa4ea2c84037c2085459081400f52cd92e30f3bb,155.7
0x7a697f0af4539986b56743404a225ca632bebb08,1.008
0x905dbb429db78f545680524a6608a49ed7ca4974,1.022
0x3565ec541ffe85e3ec61128c00ca721481a183f3,1
0x2c59900b9442b7a865f93219c04f553a0d7bd003,3
0x801c87f0ad2c1a6213590dc219ac0091c18a3fd9,2.424
0x84456c70f218f087a02e9b5a04a3aaffa0ee191b,8.036
0x9cb6d2a0f41b7cc67b9666762640250ed144959e,0.577
0x4a4d32c582f41ed5349f427470cfc27a93e8951a,2.75
0x289a5d844e1c4a72cb4cc54f913faca334a3dfbd,1.928
0xe6522aa1ced55a19a88c227297f911dd4a7b6295,20
0x9e20e559fc0c2437709257a67b895480e55213d8,2.013
0x1a4770c0d25d31663205aba58344c45ad67db910,3.964
0x73cfa774fb70b88d8a237ffd2e8df5996cbe52c9,1.827
0x6fe53dd9e6d82a42546375e5e44ac2834a226298,1.44
0x199874b4052b0eaec5cc8245d98827ec484e9001,1.002
0x9694d7472b3550b4ed5e93a75b509c3d5d9b7de2,1
0xa0eb2b15432e73e005331e4206e7c4d3b22f6c73,15
0x3f8048f1560ba5ea776ea57cd40697b7c82bbf75,2.418
0xea3ec21b5d01ce361fe553a4cd1fd9b0ab6a5224,1
0x33017a71473e17d3877f6fef06fda0a31df6339b,4.5
0xcbbf12839305f9900364fff4c2977104082cc23e,10.367
0xf788a642ae49b4deac6b9467cc9ebf87379af862,0.686
0x1b77683112a80c0a3d8d63b00775a5d80deade66,1.044
0xaa8901b12897510171c11dfc7aaa9371bda1bbf8,1
0x4a728eddb21923e4c7ece557d531f85bb67c7e59,2.355
0x7132949f1637e0ec1722b40f9e2e58f8b40ffbcc,3.428
0x46c02c0c16cdfb2b1da16f42dab23860096cd63f,26
0xb72e8295adb98f534199dd40059a68221bb4de34,54.894999999999996
0x33b54c03bfeef0539349dbb4abf2f865f2029825,0.772
0xfca059f0c9b7709e02b3039faa1deb1669e6919f,1.101
0x7ccd37139fd45ca2bbd34196d875ac8a36721215,11.55
0x36b921bd2015c14f2a18085d20c39de765f25f6d,26
0x6e38323f36e329ab231e068acd457cf346f50b62,1.031
0x3e34c27254d15a70f2e03ccdc9a56eb3cd95b5fa,57.772
0xecc5ee5ffdcb39714ea006b872f52d63017e8566,1.134
0x57bb815b3640a98e08542b3bf4f32bf2771e4b06,3.035
0xf9f4e4596666754934bd1c37c6c4619c7804e085,1.2974999999999999
0xa2f058f6c61033a23214a501fac94d3ba359cb8d,1
0x7ba1522e20c90b06a7e941767cadbe741d62207c,10.283999999999999
0xc429dd8f64c66c7a2ab51943332701ebe119f4cb,2.781
0xc5d697c120620a2669b2b8f2fd75a6f2cafe91a0,2
0xd480a2806285720feea69eeb15b1ad4119c3d750,29.636
0x355b63c105152490d7268f6dd96ec8a06f6c07c5,6.008
0x1345ee4a4e060dc08abb54c96f3a0393d474162b,1.9610000000000003
0x1820b0751805169a60214d35e5c2892c00dccbbb,2.37
0xf220628dbf6966ca3d5f4a597da1ca32e7d0435b,13.089
0x7247bf537d1fa872da5573c4cdaa6c8d34497b66,2.475
0x1620fc1be99fd9e30e3035bd684645e03ffa9595,2.204
0x90083dfc67bdc6d1e92337ddd4cff909bf8ef24b,1.024
0x5b80e745edac25909ec2634aafa72993f918c1a8,6.902
0x2197d1836ba5d05102506e8b764fb163713132d4,13.79
0x91c862a3161822095f816795af06860ded8633fb,6.998
0x665a08213ed9b92fd4a820d76d352b464f40b7d0,3.428
0xb76228e9d23cf8ba075a56e6b1f8ecde74e90fe8,0.785
0x122011206098facba7e24f57412402e9b497d519,400
0xf516327ea68bbca6aad034e03e94a987eac7b655,3
0xb6aca86840b6d722ae8d53619ea1773532816a37,3
0x513d92a637fdba3ed8e3a6a099c93f9084079bc8,5
0x5e4069a0bc1d75b3f2722aa6654dc1b8ebb9226e,4.581
0x6f2dc71285c2ca910b548e619574b0f250fab5d6,1
0x7fcc8bcd73c5059668c945436a1b1ab958cf12cb,64.012
0xe94787de52a262cb579f70b94a8fbb17f822d740,4.285
0x4f8bc2cea15f4b0f3763bf81c75e175f7b336ac3,4.171
0x05377e8833340628434ef89aa74464a4e10ff2c9,5.256
0x7be1eeead90accf73575e24e74fe139f445cadce,10
0x5ad98bae1a2a1ad2c16e1460e027e4161de5c636,3.041
0xdd8e7bf3ded456c5245d23732351aa4da5ad3bca,2.0625
0x069c65c283bb5c7a796597b796eeaed5e059a780,2.2
0x6934e693969a53b0659a3c87d96bd4f88e650d27,1.516
0xf6b0530e1cc85049178a1730189dc4ba6049fb61,3
0xf04addc585002735c378b5e51a813513ad8e3b64,53.092
0x5d236509c6d98b3cc7750fd154f25ac465ad6b32,17.0355
0x5ef6a2afa12558eddad633ea73a1457e4615ef4b,1.25
0x6c97e57a948d118ffe07eb1728619a9081326151,6.026999999999999
0xe726234a60ddd148300cf4858beb9dd7f0f4e47a,21.129
0x478c3970d7de615b8c92e7ac2777fb103cb0db9f,42.897
0xb2e1fb1465d162a7bc1ea08796d38a18cf510667,1.714
0xed7f4a9bd7925663d7970a66ebbdbb6ecca04f79,33.124
0xad6550c6186c106e7149026cf8f97200bfdf3f0a,0.5
0x6bdcc414419379b76a7941d5bddf8cbb34d7fe7e,3.428
0x56d03769a95e16a21e6a2130204056caa88b6421,2.736
0x1af965e3b7d98c3c11722f71d2eaf8ccf8ead0c9,2.424
0x8a9616176d26f859a5326dd3d6dd262f2aa4b0d7,12.924
0x0d5910747efdf88563c82e4d76562b69ea2d7990,2.282
0x29ed3f671cc8a0511ab5efcbd064e27394e130b7,4.498
0xc3120917a78694b3ae6e3b85a448c595d1197149,2
0x9a97d902359e56ecf280f2bfe5bb50fad28ed982,10
0xff1daa851e915f34e0f1e4c4687d04e3de52bde1,1.443
0x09dc0005023a65636224f54eb3908f1ec3b77886,200.834
0x5b9745acda2b379df75ed2dcfa747a9ba3210d6e,77.994
0xfab7777f72d8bc3d46b2db5f501db2ddfddedd65,0.718
0x7e1ac3e52ac33c10bd1b08402407502e5ed442b7,0.705
0xe22d9cbea14298075155b4266f6c3b2fe4501a50,7.27
0xf441cd4c5a583e52d494b63196041b89293f47c1,50.83
0x20c9fd37fc04b24882d751d1c106f2e3dac6fe65,70.707
0x26a71662d63d2cd555b02e964a00b766d75cf3c0,4.113
0x3b5eada69478e7609c2ff4c838ba05f9899aa5bc,5.336
0x436fe626bd40704f7f2b4dab1583334d38f8717b,4
0x59a603ac2a4c1ba94ddd83a3b9fb1907fd96ee8b,9.006
0xd9a5d6705a1d24dc9ec294818d4bfff61b649164,2.466
0x591902d15133b839e14149167fc994d5adb9ae6d,0.764
0x0e0202d4d40eb32a7965bf309b5ae44779f18b47,3
0x25d3f0ff4e611daac694eb18433cae96e9beaf50,3.661
0xe9405c6ff04e5a2b57305ef2a2241fcfdcfcbd05,0.774
0x2d83aca5b1b75f9f31fc33cfc605a35b98e1b722,12.658
0x95c345f6c911e10ceaa107cab01b99640ae3c521,3.08
0x843fdd402952da6e170497e40bcadccf704e1320,7.22
0x358a6da3ca83068be351c53ee2bde3f683615607,1.434
0xe771e854e09e537cbe3e41fe9dd1d94c75c355ed,4.2749999999999995
0x8c6e5e0a365a2bb0946b32b51ca0021da68bb16a,1.196
0x7463876f1e8d30139539e751539ac05162deffc0,1.391
0x35db6f600e5523cfd340c64bcdb64c3789c4f686,1.07
0xdae3ae897abb9f50909be9ac2fc88f9a3330a759,0.857
0xc00667d8b00f35b3565a5c4458dff1cd718e3527,3.428
0x05c49ffabfd8290e22e0d08bee50708d04942444,30.259999999999998
0x4d1d2b0ccdacf1c26e232130f7437400bc907c3e,3.428
0x71f7dd901480af6c8e20a555e070a890a395a91f,26.753999999999998
0xe883a7eaf8c672eaa4bdf7038f09d32d3ec02694,3.734
0xc5007bb8ed2806762bdc3fc02f879ba43ff1b1c9,7.015000000000001
0xcf883f477e6c7ba87baa1312d73f1a46a7a5b6e2,1.139
0xfb743057f13a6278c07462285c9dcda96f3152d8,44.564
0xef4ee8640376d8cf687cf8892139fbe0852c19b4,1.714
0xc36bc7dfa61102022b8439b3df9947db525af79f,32.5
0x72119288ce3946bfbb920474a690c4657773af2d,0.578
0x59f500861ca24aff000f75341be7972bac3156c0,3.548
0x5f86cafe25b39ada74a0e98279109ed663db2d03,3.699
0x4e9f0fe4e8951e2364d8a8972a2eb729ad24c724,13.100000000000001
0x494467bc4e2da6b97894c784c5005a6fa5a6ce2b,0.599
0x65fddd7b1aec1871f4c879528d3ec6d42e64c20d,5.292
0xc240aafd2654100ccc85f5f8d4a321b31ed941d0,13
0xff5e978fb78939280b025dec3db134b4b1a95368,1.282
0xe8e1c0f820d9db6744fc9b93ba840bada55bfd04,2.43
0x1275105e21064f98978986ded264ce4a2f2face3,2.617
0x6995c9477e27c023ea0d07337818d119201ce18c,3.4
0x45111b24880fac7351190e5e3e7d7fb9c2700b60,3.5460000000000003
0xefba75dbfe0e57041b66d0f91bbe44fc7bf6a9b0,52
0x8fccba2eb2fa6e5bdafdf368e9179a3da6447c86,2.625
0x5c385e335960fff976519d498d24c0d2c046c7d5,2.424
0x085886909b5a3456eac55e6afcee63cae1560d1d,1.093
0x89079812cb3aa841be583545bb001bbc76960ab3,0.756
0xf1d30905d017f824be804947512fcb31b2041892,9.803
0x06c38f5e04424ed83126ed7396ce421dd8cbef40,16.056
0xf02b543aa6d652a1c180b88812c2f50c960b7b41,3.562
0xcc862dd66a1571a9fbc727777e5174716c86924e,2.4524999999999997
0x649fa8099308de8a4a8118ee96a51c54f81325d6,6.993
0x8782470cd9de559cbd27c9e310c9bcb11698f2ae,300
0x301e1ab570012c2ecfe128c35386fb886897f1eb,1.3039999999999998
0x89166b098a969c9d5a38723cb1d7c1377f9f4137,7.092
0x2990790b09dea3fed5e1e6d1f8f4057cb8f47756,1.296
0x1d62c7b67cee236dafa60ce0a34ccea9f650c3fe,1.6
0xd689dcd0b7a4f3956cab44e5a515e8872da50e3e,1.653
0xae88cbbb4c6bd4a667030d123d070bb52ee5aeef,2.157
0x339d239c929524309904e3fa2f9caa73d17a62d8,4.657
0x09551ab46657dcaad1f1ed92b8b699b49e2577ea,3.692
0x3a1bd6d68eec0e112b5a6ad3d9930379d1143fe7,1
0xce21c9b71c97fd0fac56cfdaf3496cf21f73ac49,44.564
0x852129892edc0783efa0513069a643b0ea292daa,1.2000000000000002
0x829dcc6a28bfce4f200cb3d64e71d9757a4828e1,0.645
0x0ecb91f0ae40a6f1cdf7377b6dcfc7bbcd8b5d8d,2.424
0x4f9484348af66460fc3d5f79f091b6ff4f0aae5f,0.58
0xe85c50655bd915834ff71a4a20ccc4900691a245,3.428
0x953b82e5013dae1a679c0fb388fa0c91d3794815,0.628
0x65408059b5e3a5577d13673c4a0e45f570ef28ed,1.45
0x662deccbc86b30d846e251ccde1a72c1f80483cd,10.283999999999999
0x807bf718d1228f3f343849dfebaef595043e6488,2.9
0xcf5737a2209e4d84ff447d662d752e85337e3143,64
0xec3f856c9428164ef73d857dea0ee23f0ed279ba,0.583
0xd7ab39489b5b65df66f4c26384164542b02e5af9,2.039
0xaa52305cdf74ff2d993d4afa418826d5316873de,21.736
0xdbf3659363f56524af6dac6a7daf92f44917bd42,1.752
0xafae441f4055e25442805043df3b03d9fb323f39,12.072
0x0f4ca5a07c816b60f066139098205330418bb6ec,1.906
0x9377ddf0c0561f05e4e81a76866e9ae711fcdbf4,1.03
0xf8f0effe6f626faad9875950b76b2382bb14500d,9.876
0xb1fda55e82095fbbea9b84a4885352014a7b6870,0.685
0x34e4d24e5fc56ccfea7804babafd05846b9b7553,1
0x8e92d015ab3748a1720735c047b1171e9cf0a597,1
0x5d0734b6bbc8eb551e0534a912933405b54249ad,1.998
0x6c6491d9ebe8971bcaff341cd9b91ae2d5e9e6c6,1.0815000000000001
0xff014decf114e6d99d863d1e9eb7bf7a8de08235,26
0x83f2f57e0e7e4ba35017030dc1606bcd87df9474,3
0x5635c3cef54a93c63e2fd19eb72a4597ba0a7b94,4.108
0x6d48b3e2602dc46381f632ecfbaf552b41ccabd3,2.062
0x28d0c77cac76841d00a47dc82131c0e987c4ee2b,12.558
0x9652e6262200c9a3c8e1e45dd974a925a52b4119,17.5
0xdced828e70decb3b612bde1031d253408df848c6,4.002
0xa0cc95e8d0cfa4ff572d69aabaa08a36884a7f32,16.261000000000003
0x71316c45b09fc319f1ae87547a5f6dd3f8ff570e,2.742
0x7fa1d824fe8c1bc98925f3c71012fc1a0978a1ea,9.595
0x16fc58d1347c21122dd1cf562f632e28398d29db,2.164
0xd23535ddd918eb2e4ab8c07eb1ac427147baab2f,4.285
0xf1e14cb3213b83e3ec867a312288c6106d24539f,1.003
0x59fbc43bb55ca636054d974c940479ccb25dc179,32.226
0xc2989ff992b92b3907a57e62d0ba496bad357c6f,2.122
0x3f65ac468aa000079a80f8c83d05d8390c1aa40c,1
0x01c2f82475489680acb47702439f7000c4ab6d54,2.595
0xe6a313201f38d7447f555cc5c16089597c94aa8c,8
0x63d890736692f40623c38b5275701ace1a02c5e6,2.5
0xa5a619d2410f2963292f7e2a3598f770169d9b4a,12
0x16756ac9200480dfc25caa94494421b6d03d555e,1.068
0x5f715316ecaa3a6353167b1ca3afd3fe4d5b87a8,8.93
0xfc3362e0fe93f132591b7df371710d444ed53d00,4.848
0x86102df6bb93af057685e4aa2989dcc87acbaae0,6.507
0x75525735add2da4f77910b30ed97f4f039f42440,1.038
0xee7cf533421b4c16db94708b811a200689b8d192,2.598
0x26177d010d0d6da257c6b4a3cc17bba843aa2646,6.4
0xf8efb5e591f2c52e35e91af4453974b2bfe9ef01,10
0x77f9b23de83d6e27012ae45b550d645e5b7461dc,6.5
0xbe63a5cc15170490ba8360df582fdb01100c2b6e,1.483
0xf367ea2d1f182c397d03d02261132bfaa76801fa,1.332
0x15130beb4b8e9ada6fb70b43939071ba8c9e0219,1.026
0x14ba182f5b5460e5b321a7489c0de5d761616e2a,13
0x3577ab470cfadc646e81fdf7c8ebb8205627d7a7,0.757
0xebad463ccc03e081bc59b74cb699aac5404613ab,0.638
0x9393d48ab5c57d05270c066c50f6480f129d5bd3,1.154
0x638b0fa9b0366aa1cbb2d27522fb094af5ff0b0b,102.96
0x1b0148cad5139616784b304a14437e671f64d7c1,1.556
0xda9e028db5cfdd0b3e0d0d17dd0557fbbfbb8066,1.223
0x50fef184c84f39d14d0caacbbe4d51a957aa848e,8.545
0xce14f4f472efd0b24353f1ae26f3ba4a218edb10,5.001
0xa73a848c809f6e9e9f714bdb402e6bce7c8bc258,2
0x8615d4a900c12a49d4eff1264dd49bae47fb5de4,1.497
0x094874e233ef03ab193b072be3c2faeba5856cb5,1.168
0xc14ef3c3bc58bf24670e7636b53f136fb0433b2d,9.427
0x0f2b1a6822c5e486f475c7c0108a99efd05c8c0d,14.378000000000002
0x122df135da8424b4c6a8a67a8930727e23b76429,1.858
0x26104e298811d5e91ef2103150efc4b825ad7dfb,5.008
0x8c6445fa5261d8de745e5e2c647fb20d33798fc6,1
0x20269ac42d01f44c194b02c07ed05e9aae90819c,0.835
0xae87e3f29868fd7f62e7046490a92ab6ee8d4680,0.501
0xd413a9a5e4cd9edaaf67be79bee692068cdb20c4,1.792
0xa499b9825d68569ea860ad9df72a0948c5aaa2c8,10.848
0x8318836680f2239b1feab8b28bad5a9d43b249d9,2.211
0x95db95a462858dfaaa3e6e90272b08177b1f5156,6.856
0x46091348ff2fa6cc81a07d0ce1d4d509adf2e2d6,3.224
0xd63eb4564720347fd2e1421b86e9f7b0bfc2b01f,10.283999999999999
0x3d224ae93102fa9f323786337490e55ad162bd91,4.581
0x00114d4826901939528439f6ada41080c299fd9f,1.206
0x76266bcadf6b45318992a36a99324e5399961594,1.113
0x2e291a17a003bf97624f96bd80a522a8311459d3,2.0709999999999997
0xf5d395070f428e4aa0e4fd52bf327f270b00fb18,0.589
0x93769f6206ec678c6a47989e3e3bbcbbc4d291c1,5.532
0x0bd9b3e7c63c06ebccd49dda3c6484cd8f846e23,1.542
0x9326c1a3bfe21920faa5f9a890a590f90f42c0e0,6.37
0xad5240b6780555e4a177c39280f2fa6f4c87c2a9,4.371
0x2065562e207875c2305da93ea01143302703ac93,2.395
0xfac90db287fae3c0e70d5be85ca7d69a7678ad5d,9
0x4dcdecdde9b675b148f0bd5a9fa1f0f7fa6691c1,6.6000000000000005
0x0368a48ed56286ae05c08ea67928c022c0453f28,1.1025
0x375cb33206262db1828513404bc528a6f1d4fff6,1
0x3bcecf3c239757beb78f2cc60ab96db0f66f0857,1
0x5a7143e53b361e27ecf2bd67d33d064ba20309be,1.543
0x8f31c6c2ef18fcc63e0bc4e57351f4f731a74318,2.085
0xe0d78303b080cacc7e608f3630421ec4b5e6e993,2.424
0x9ef61086cb95978d13644a9b9987092ca9c40dbb,4.954
0x03535b7927585933ffbbf43bd09f069ed1749158,53.548
0x4b0218ef0bbb0cb766e2e0b34d45a9cb921c2ec0,2.128
0xb3a00c3ca08a1bd29341519a4f1eaedbba82ca39,1.714
0x82aaf546318e200f9bced75319cdbe0a556551c3,8.736
0xf0dd0286fb861834fbd66aff0d74d45078930fb0,28.167
0x60fa416ccd04b3e883f45b28c43ca66aab21129f,1.822
